2025-02-12T19:55:42.825851,Python,found
2025-02-12T19:57:44.099928,Python,found
2025-02-12T19:58:46.298435,Python,found
2025-02-12T19:59:44.545365,Python,found
2025-02-12T19:59:49.064261,Python,found
2025-02-12T20:00:25.659421,Python,found
2025-02-12T20:02:28.182155,Python,found
2025-02-12T20:02:59.860318,Python,found
2025-02-12T20:03:20.474937,Python,found
2025-02-12T20:06:38.206456,Python,found
2025-02-12T20:07:46.838123,Python,found
2025-02-12T20:08:51.234823,Python,found
2025-02-12T20:09:27.532238,Python,found
2025-02-19T13:34:03.056643,Python,found
2025-02-19T13:34:04.609442,Python,found
2025-02-19T13:34:04.871631,Python,found
2025-02-19T13:34:05.224310,Python,found
2025-02-19T13:34:05.529338,Python,found
2025-02-19T13:36:44.232557,Python,found
2025-02-19T13:36:48.227144,Python,found
2025-02-19T13:59:11.183002,Python,found
2025-02-19T13:59:11.543988,Python,found
2025-02-19T13:59:11.647984,Python,found
2025-02-19T13:59:12.369702,Python,found
2025-02-19T13:59:12.542648,Python,found
2025-02-19T13:59:12.683904,Python,found
2025-02-19T13:59:14.864975,Python,found
2025-02-19T13:59:15.151412,Python,found
2025-02-19T13:59:15.284896,Python,found
2025-02-19T13:59:15.967697,Python,found
2025-02-19T13:59:16.272557,Python,found
2025-02-19T14:01:10.553288,C++,not_found
2025-02-19T14:01:45.679330,C++,not_found
2025-02-19T15:20:52.990069,Python,found
2025-02-19T15:20:57.468290,Python,found
2025-02-19T15:48:30.873257,Python,found
2025-02-19T15:48:51.929844,C++,not_found
2025-02-19T15:48:53.329857,C++,not_found
2025-02-19T15:57:27.571324,Rubgy,not_found
